{
  "device": "cpu",
  "warmup_iters": 20,
  "timing_iters": 200,
  "mean_ms": 41.9319505803287,
  "p50_ms": 7.526976056396961,
  "p90_ms": 90.11855032294989,
  "max_ms": 95.60838714241982,
  "all_lt_100ms": true
}